measure_id,measure_name,location_id,location_name,sex_id,sex_name,age_id,age_name,metric_id,metric_name,year,val,upper,lower
28,HALE (Healthy life expectancy),6,China,3,Both,2,0-6 days,5,Years,2002,63.67849300732268,65.7222097479728,61.39875184955201
28,HALE (Healthy life expectancy),7,Democratic People's Republic of Korea,3,Both,2,0-6 days,5,Years,2002,55.64011854771189,61.47071760888555,44.902742568732535
28,HALE (Healthy life expectancy),8,Taiwan (Province of China),3,Both,2,0-6 days,5,Years,2002,68.46609115415178,70.71363449356596,65.8238619588036
28,HALE (Healthy life expectancy),10,Cambodia,3,Both,2,0-6 days,5,Years,2002,53.81302053770289,55.96202674553454,51.31574616138922
28,HALE (Healthy life expectancy),11,Indonesia,3,Both,2,0-6 days,5,Years,2002,59.7346534689323,61.75201961244441,57.22518645251702
28,HALE (Healthy life expectancy),12,Lao People's Democratic Republic,3,Both,2,0-6 days,5,Years,2002,52.66134183637696,55.15647947595864,50.13185438520489
28,HALE (Healthy life expectancy),13,Malaysia,3,Both,2,0-6 days,5,Years,2002,64.7728562131138,67.12384711936437,62.05543379334605
28,HALE (Healthy life expectancy),14,Maldives,3,Both,2,0-6 days,5,Years,2002,64.77912051428258,67.01397474340847,61.69487019333421
28,HALE (Healthy life expectancy),15,Myanmar,3,Both,2,0-6 days,5,Years,2002,52.58152473860368,55.02535027588061,49.60575060494618
28,HALE (Healthy life expectancy),16,Philippines,3,Both,2,0-6 days,5,Years,2002,61.531672511667786,63.83649511443591,58.94322882549392
28,HALE (Healthy life expectancy),17,Sri Lanka,3,Both,2,0-6 days,5,Years,2002,63.98786532236178,66.38642494254672,61.14078107547567
28,HALE (Healthy life expectancy),18,Thailand,3,Both,2,0-6 days,5,Years,2002,62.99555961648675,65.36296391279973,60.38680579884361
28,HALE (Healthy life expectancy),19,Timor-Leste,3,Both,2,0-6 days,5,Years,2002,57.25563086005075,59.89222120706313,54.3041396359043
28,HALE (Healthy life expectancy),20,Viet Nam,3,Both,2,0-6 days,5,Years,2002,64.19896303701928,66.41275239233835,61.58228246249212
28,HALE (Healthy life expectancy),22,Fiji,3,Both,2,0-6 days,5,Years,2002,58.6298731465128,60.68405881160414,56.140374313761
28,HALE (Healthy life expectancy),23,Kiribati,3,Both,2,0-6 days,5,Years,2002,53.56413208509005,56.2926645799962,50.89959481975778
28,HALE (Healthy life expectancy),24,Marshall Islands,3,Both,2,0-6 days,5,Years,2002,55.094867751937,57.56128046671384,52.53635642336364
28,HALE (Healthy life expectancy),25,Micronesia (Federated States of),3,Both,2,0-6 days,5,Years,2002,56.60656143383463,58.96104749228411,53.82593393096249
28,HALE (Healthy life expectancy),26,Papua New Guinea,3,Both,2,0-6 days,5,Years,2002,55.63420322519206,58.407602163531024,52.75392935368856
28,HALE (Healthy life expectancy),27,Samoa,3,Both,2,0-6 days,5,Years,2002,61.5533875335294,64.19311984032002,58.65324956729176
28,HALE (Healthy life expectancy),28,Solomon Islands,3,Both,2,0-6 days,5,Years,2002,56.20221120458746,59.13103252576174,53.02693147723451
28,HALE (Healthy life expectancy),29,Tonga,3,Both,2,0-6 days,5,Years,2002,62.71123428180705,64.96365334648479,60.25596419660404
28,HALE (Healthy life expectancy),30,Vanuatu,3,Both,2,0-6 days,5,Years,2002,57.22269226030928,60.05766815595332,54.45207296860107
28,HALE (Healthy life expectancy),33,Armenia,3,Both,2,0-6 days,5,Years,2002,63.74065044106052,65.89246203910723,61.09039824641549
28,HALE (Healthy life expectancy),34,Azerbaijan,3,Both,2,0-6 days,5,Years,2002,60.111083727375565,62.26503896249233,57.59943552296052
28,HALE (Healthy life expectancy),35,Georgia,3,Both,2,0-6 days,5,Years,2002,62.396105614224645,64.526889042478,59.88888425337156
28,HALE (Healthy life expectancy),36,Kazakhstan,3,Both,2,0-6 days,5,Years,2002,56.99351123812292,59.05537338268802,54.57737116677397
28,HALE (Healthy life expectancy),37,Kyrgyzstan,3,Both,2,0-6 days,5,Years,2002,59.0231705665946,61.135015042841815,56.68307810381884
28,HALE (Healthy life expectancy),38,Mongolia,3,Both,2,0-6 days,5,Years,2002,56.56699944422887,58.69875860022833,54.01496245554862
28,HALE (Healthy life expectancy),39,Tajikistan,3,Both,2,0-6 days,5,Years,2002,59.42316922277658,61.81523255554484,56.81173430644698
28,HALE (Healthy life expectancy),40,Turkmenistan,3,Both,2,0-6 days,5,Years,2002,58.51330806687225,60.56620348250706,56.19718536370858
28,HALE (Healthy life expectancy),41,Uzbekistan,3,Both,2,0-6 days,5,Years,2002,60.37581240084757,62.55565769603331,57.9426784084712
28,HALE (Healthy life expectancy),43,Albania,3,Both,2,0-6 days,5,Years,2002,65.8573165643805,68.39210113998129,62.847583684984485
28,HALE (Healthy life expectancy),44,Bosnia and Herzegovina,3,Both,2,0-6 days,5,Years,2002,65.98730748501782,68.6794756713015,63.10055283107677
28,HALE (Healthy life expectancy),45,Bulgaria,3,Both,2,0-6 days,5,Years,2002,61.99329024738469,64.24673752004827,59.40574243809515
28,HALE (Healthy life expectancy),46,Croatia,3,Both,2,0-6 days,5,Years,2002,65.51317599364751,67.93145269719062,62.7190955839974
28,HALE (Healthy life expectancy),47,Czechia,3,Both,2,0-6 days,5,Years,2002,65.69272120404071,68.22728911556854,62.80674738022867
28,HALE (Healthy life expectancy),48,Hungary,3,Both,2,0-6 days,5,Years,2002,63.17705707802035,65.54278086677115,60.34469111488727
28,HALE (Healthy life expectancy),49,North Macedonia,3,Both,2,0-6 days,5,Years,2002,62.79306211751644,65.02885006380822,60.22088248837309
28,HALE (Healthy life expectancy),50,Montenegro,3,Both,2,0-6 days,5,Years,2002,64.78289781919389,67.10513139864662,61.95523213397752
28,HALE (Healthy life expectancy),51,Poland,3,Both,2,0-6 days,5,Years,2002,64.88276867713623,67.3779674589405,61.96431330252078
28,HALE (Healthy life expectancy),52,Romania,3,Both,2,0-6 days,5,Years,2002,62.39356565546512,64.65621187633425,59.756284677322896
28,HALE (Healthy life expectancy),53,Serbia,3,Both,2,0-6 days,5,Years,2002,63.27904359979216,65.39481178900309,60.691972115726784
28,HALE (Healthy life expectancy),54,Slovakia,3,Both,2,0-6 days,5,Years,2002,64.44046623151861,66.81995445198868,61.58132621368112
28,HALE (Healthy life expectancy),55,Slovenia,3,Both,2,0-6 days,5,Years,2002,66.49434945784614,69.11337812176916,63.44893769593127
28,HALE (Healthy life expectancy),57,Belarus,3,Both,2,0-6 days,5,Years,2002,59.57539492974879,61.65377731222422,57.08959847547731
28,HALE (Healthy life expectancy),58,Estonia,3,Both,2,0-6 days,5,Years,2002,62.19021333084364,64.52311604096872,59.48001005575272
28,HALE (Healthy life expectancy),59,Latvia,3,Both,2,0-6 days,5,Years,2002,61.46045219369312,63.681308637707055,58.73115817804536
28,HALE (Healthy life expectancy),60,Lithuania,3,Both,2,0-6 days,5,Years,2002,62.57426858500735,64.97064821713414,59.841359538504975
28,HALE (Healthy life expectancy),61,Republic of Moldova,3,Both,2,0-6 days,5,Years,2002,60.8464922202781,62.86572104498133,58.320252935769616
28,HALE (Healthy life expectancy),62,Russian Federation,3,Both,2,0-6 days,5,Years,2002,56.93295352366,59.04566756913886,54.4676735040253
28,HALE (Healthy life expectancy),63,Ukraine,3,Both,2,0-6 days,5,Years,2002,59.2058369459175,61.39746227746716,56.57550250422435
28,HALE (Healthy life expectancy),66,Brunei Darussalam,3,Both,2,0-6 days,5,Years,2002,65.59196598246744,67.85902779859168,62.83425760447077
28,HALE (Healthy life expectancy),67,Japan,3,Both,2,0-6 days,5,Years,2002,71.62727982082662,74.29709646035306,68.52734976378355
28,HALE (Healthy life expectancy),68,Republic of Korea,3,Both,2,0-6 days,5,Years,2002,67.56264797703233,69.94592852684812,64.71920646127688
28,HALE (Healthy life expectancy),69,Singapore,3,Both,2,0-6 days,5,Years,2002,70.43384047433368,72.83216399963744,67.57622348753006
28,HALE (Healthy life expectancy),71,Australia,3,Both,2,0-6 days,5,Years,2002,68.42661324374073,71.3380395503614,65.00192150419343
28,HALE (Healthy life expectancy),72,New Zealand,3,Both,2,0-6 days,5,Years,2002,67.52965026333264,70.32616863978808,64.27207752951985
28,HALE (Healthy life expectancy),74,Andorra,3,Both,2,0-6 days,5,Years,2002,70.236773816776,73.34032677410143,66.78293182041467
28,HALE (Healthy life expectancy),75,Austria,3,Both,2,0-6 days,5,Years,2002,68.19498944951005,70.9490315975917,65.05617745677267
28,HALE (Healthy life expectancy),76,Belgium,3,Both,2,0-6 days,5,Years,2002,67.6489135304568,70.38024652944708,64.4880704960718
28,HALE (Healthy life expectancy),77,Cyprus,3,Both,2,0-6 days,5,Years,2002,66.99538134138722,69.36801738421939,64.24570606604905
28,HALE (Healthy life expectancy),78,Denmark,3,Both,2,0-6 days,5,Years,2002,67.04319028461096,69.59814702353185,64.05811749412214
28,HALE (Healthy life expectancy),79,Finland,3,Both,2,0-6 days,5,Years,2002,67.48619325526853,70.28878811301377,64.24960342691978
28,HALE (Healthy life expectancy),80,France,3,Both,2,0-6 days,5,Years,2002,68.30350967465412,71.13399857384229,65.0080174574323
28,HALE (Healthy life expectancy),81,Germany,3,Both,2,0-6 days,5,Years,2002,67.88759998777971,70.571753470844,64.73645438619782
28,HALE (Healthy life expectancy),82,Greece,3,Both,2,0-6 days,5,Years,2002,68.00927083841401,70.63411898735376,64.91673772001545
28,HALE (Healthy life expectancy),83,Iceland,3,Both,2,0-6 days,5,Years,2002,69.80976121808514,72.44336253707095,66.63903899989151
28,HALE (Healthy life expectancy),84,Ireland,3,Both,2,0-6 days,5,Years,2002,67.21018878433037,69.83606028630392,64.09765220712725
28,HALE (Healthy life expectancy),85,Israel,3,Both,2,0-6 days,5,Years,2002,68.38073726965699,70.89860240498038,65.347772248301
28,HALE (Healthy life expectancy),86,Italy,3,Both,2,0-6 days,5,Years,2002,68.91927607300593,71.7460545174905,65.61625353761542
28,HALE (Healthy life expectancy),87,Luxembourg,3,Both,2,0-6 days,5,Years,2002,67.9616863918335,70.66319436978756,64.80998113386406
28,HALE (Healthy life expectancy),88,Malta,3,Both,2,0-6 days,5,Years,2002,68.95714562721928,71.50856999151657,66.02017545899642
28,HALE (Healthy life expectancy),89,Netherlands,3,Both,2,0-6 days,5,Years,2002,68.47443607628745,70.97247033580422,65.61008256059199
28,HALE (Healthy life expectancy),90,Norway,3,Both,2,0-6 days,5,Years,2002,68.37847396525783,71.08158575761489,65.28979789441821
28,HALE (Healthy life expectancy),91,Portugal,3,Both,2,0-6 days,5,Years,2002,66.61264218485118,69.2280692692847,63.46221990201889
28,HALE (Healthy life expectancy),92,Spain,3,Both,2,0-6 days,5,Years,2002,69.44152484680112,72.04154536429141,66.33295220964368
28,HALE (Healthy life expectancy),93,Sweden,3,Both,2,0-6 days,5,Years,2002,69.72940140330624,72.34415262516572,66.72443239769007
28,HALE (Healthy life expectancy),94,Switzerland,3,Both,2,0-6 days,5,Years,2002,69.28508032995586,72.1726995044371,65.95271135058766
28,HALE (Healthy life expectancy),95,United Kingdom,3,Both,2,0-6 days,5,Years,2002,67.62028393635119,70.27544735607574,64.47773173483206
28,HALE (Healthy life expectancy),97,Argentina,3,Both,2,0-6 days,5,Years,2002,64.58610343162576,66.99685106577138,61.7577686072144
28,HALE (Healthy life expectancy),98,Chile,3,Both,2,0-6 days,5,Years,2002,66.6093859249922,69.31513248322065,63.55981994980007
28,HALE (Healthy life expectancy),99,Uruguay,3,Both,2,0-6 days,5,Years,2002,65.36702738288709,67.70765321122582,62.54211145110818
28,HALE (Healthy life expectancy),101,Canada,3,Both,2,0-6 days,5,Years,2002,68.87116803858306,71.57818496740978,65.70168347024574
28,HALE (Healthy life expectancy),102,United States of America,3,Both,2,0-6 days,5,Years,2002,65.53303951316384,68.31854831756712,62.31542170361704
28,HALE (Healthy life expectancy),105,Antigua and Barbuda,3,Both,2,0-6 days,5,Years,2002,65.4008745170051,67.91585217652192,62.52500877545189
28,HALE (Healthy life expectancy),106,Bahamas,3,Both,2,0-6 days,5,Years,2002,62.78715218203779,65.17141893133419,60.06217589473752
28,HALE (Healthy life expectancy),107,Barbados,3,Both,2,0-6 days,5,Years,2002,65.57653234256864,68.05522122872954,62.72891281683776
28,HALE (Healthy life expectancy),108,Belize,3,Both,2,0-6 days,5,Years,2002,62.24863047573597,64.57246015597086,59.53654220682401
28,HALE (Healthy life expectancy),109,Cuba,3,Both,2,0-6 days,5,Years,2002,67.93560423152924,70.43256682565496,64.92934555578508
28,HALE (Healthy life expectancy),110,Dominica,3,Both,2,0-6 days,5,Years,2002,64.06602433136653,66.41776192153854,61.2122209575718
28,HALE (Healthy life expectancy),111,Dominican Republic,3,Both,2,0-6 days,5,Years,2002,64.1431624161125,66.70422248589392,61.07388405646434
28,HALE (Healthy life expectancy),112,Grenada,3,Both,2,0-6 days,5,Years,2002,62.569959999766255,64.88709722688566,59.79184463807393
28,HALE (Healthy life expectancy),113,Guyana,3,Both,2,0-6 days,5,Years,2002,55.97784144713408,58.47172267643202,53.20924943646965
28,HALE (Healthy life expectancy),114,Haiti,3,Both,2,0-6 days,5,Years,2002,50.01136099262157,52.70744591586194,47.12766972926867
28,HALE (Healthy life expectancy),115,Jamaica,3,Both,2,0-6 days,5,Years,2002,66.03589803051348,68.43994347285548,63.10128956448566
28,HALE (Healthy life expectancy),116,Saint Lucia,3,Both,2,0-6 days,5,Years,2002,63.72308010132283,66.07986171034783,60.72138137759404
28,HALE (Healthy life expectancy),117,Saint Vincent and the Grenadines,3,Both,2,0-6 days,5,Years,2002,62.43140138891567,64.71651369123497,59.60410206923673
28,HALE (Healthy life expectancy),118,Suriname,3,Both,2,0-6 days,5,Years,2002,60.61996557319377,62.89633449903515,57.864981640646576
28,HALE (Healthy life expectancy),119,Trinidad and Tobago,3,Both,2,0-6 days,5,Years,2002,61.93195891845357,64.27776741275022,59.292256985436026
28,HALE (Healthy life expectancy),121,Bolivia (Plurinational State of),3,Both,2,0-6 days,5,Years,2002,58.869764964355234,61.49643442950057,56.15276131502522
28,HALE (Healthy life expectancy),122,Ecuador,3,Both,2,0-6 days,5,Years,2002,64.04967216583839,66.52393119909854,61.130386704626495
28,HALE (Healthy life expectancy),123,Peru,3,Both,2,0-6 days,5,Years,2002,66.11153279875481,69.05657987572866,62.88762393618055
28,HALE (Healthy life expectancy),125,Colombia,3,Both,2,0-6 days,5,Years,2002,64.76189023498202,67.18787638965419,61.80559389889563
28,HALE (Healthy life expectancy),126,Costa Rica,3,Both,2,0-6 days,5,Years,2002,67.91471889165058,70.62698685597447,64.74919882113089
28,HALE (Healthy life expectancy),127,El Salvador,3,Both,2,0-6 days,5,Years,2002,64.17476939295237,66.92168636419558,61.04077477340585
28,HALE (Healthy life expectancy),128,Guatemala,3,Both,2,0-6 days,5,Years,2002,58.97713130839099,61.28353760106201,56.06619692426818
28,HALE (Healthy life expectancy),129,Honduras,3,Both,2,0-6 days,5,Years,2002,61.07131906150367,64.05473790541507,57.770044028145485
28,HALE (Healthy life expectancy),130,Mexico,3,Both,2,0-6 days,5,Years,2002,64.3283494812324,66.8213926811485,61.34216856640375
28,HALE (Healthy life expectancy),131,Nicaragua,3,Both,2,0-6 days,5,Years,2002,65.35767222775644,68.065769636006,62.23039826552753
28,HALE (Healthy life expectancy),6,China,3,Both,2,0-6 days,5,Years,2019,68.46218751794264,71.20815053999758,65.50928697352273
28,HALE (Healthy life expectancy),7,Democratic People's Republic of Korea,3,Both,2,0-6 days,5,Years,2019,64.99904326807429,67.74446606754617,61.95436134460615
28,HALE (Healthy life expectancy),8,Taiwan (Province of China),3,Both,2,0-6 days,5,Years,2019,70.86240232799071,73.39987169191099,67.89237635194297
28,HALE (Healthy life expectancy),10,Cambodia,3,Both,2,0-6 days,5,Years,2019,60.89668807833078,63.710626685021424,57.90094374502446
28,HALE (Healthy life expectancy),11,Indonesia,3,Both,2,0-6 days,5,Years,2019,63.10280952788057,65.78777817869435,60.35451517171545
28,HALE (Healthy life expectancy),12,Lao People's Democratic Republic,3,Both,2,0-6 days,5,Years,2019,60.768327126236095,63.929748213054125,57.38496003622744
28,HALE (Healthy life expectancy),13,Malaysia,3,Both,2,0-6 days,5,Years,2019,65.57674190801886,67.8812165841053,62.79814412962649
28,HALE (Healthy life expectancy),14,Maldives,3,Both,2,0-6 days,5,Years,2019,70.37379448460004,73.02305211436854,67.35734160736992
28,HALE (Healthy life expectancy),15,Myanmar,3,Both,2,0-6 days,5,Years,2019,60.77057754797468,63.54057146088488,57.59725849556209
28,HALE (Healthy life expectancy),16,Philippines,3,Both,2,0-6 days,5,Years,2019,62.74174233098249,64.9080534210325,60.18297251029223
28,HALE (Healthy life expectancy),17,Sri Lanka,3,Both,2,0-6 days,5,Years,2019,67.09171271582927,70.30048126421053,63.54897444443336
28,HALE (Healthy life expectancy),18,Thailand,3,Both,2,0-6 days,5,Years,2019,67.44937730068258,70.11911121687345,64.32647343926655
28,HALE (Healthy life expectancy),19,Timor-Leste,3,Both,2,0-6 days,5,Years,2019,61.41694400049728,64.3206195565188,58.53676062280709
28,HALE (Healthy life expectancy),20,Viet Nam,3,Both,2,0-6 days,5,Years,2019,65.97812961125166,68.72046128806379,63.35935180753463
28,HALE (Healthy life expectancy),22,Fiji,3,Both,2,0-6 days,5,Years,2019,60.02551695655972,62.87131174897316,56.7416627047935
28,HALE (Healthy life expectancy),23,Kiribati,3,Both,2,0-6 days,5,Years,2019,56.03006850843316,58.84443355099904,52.8718916422328
28,HALE (Healthy life expectancy),24,Marshall Islands,3,Both,2,0-6 days,5,Years,2019,56.833062986764425,59.92017760751678,53.53508715536773
28,HALE (Healthy life expectancy),25,Micronesia (Federated States of),3,Both,2,0-6 days,5,Years,2019,58.89583668264721,61.94262250132345,55.682094446460894
28,HALE (Healthy life expectancy),26,Papua New Guinea,3,Both,2,0-6 days,5,Years,2019,57.97617414027498,60.693360031079536,54.84676241645171
28,HALE (Healthy life expectancy),27,Samoa,3,Both,2,0-6 days,5,Years,2019,61.00627600313501,63.545359242260446,57.90617565510334
28,HALE (Healthy life expectancy),28,Solomon Islands,3,Both,2,0-6 days,5,Years,2019,58.133508070079934,61.2020936308934,54.80687355841688
28,HALE (Healthy life expectancy),29,Tonga,3,Both,2,0-6 days,5,Years,2019,64.01711288379379,66.89197560193195,60.670034120379526
28,HALE (Healthy life expectancy),30,Vanuatu,3,Both,2,0-6 days,5,Years,2019,59.26169411038513,61.6834033087451,56.46478714607317
28,HALE (Healthy life expectancy),33,Armenia,3,Both,2,0-6 days,5,Years,2019,67.26240535565314,69.65684188271558,64.38381417667632
28,HALE (Healthy life expectancy),34,Azerbaijan,3,Both,2,0-6 days,5,Years,2019,64.3334192197067,66.54728633429494,61.81424025500616
28,HALE (Healthy life expectancy),35,Georgia,3,Both,2,0-6 days,5,Years,2019,65.31695213472416,67.72584110002694,62.45484377156575
28,HALE (Healthy life expectancy),36,Kazakhstan,3,Both,2,0-6 days,5,Years,2019,63.62375997247111,66.03664466522439,60.860330476227446
28,HALE (Healthy life expectancy),37,Kyrgyzstan,3,Both,2,0-6 days,5,Years,2019,65.14219100248606,67.54984484317634,62.63025967809188
28,HALE (Healthy life expectancy),38,Mongolia,3,Both,2,0-6 days,5,Years,2019,61.81286685328968,64.28130279296357,59.09574860956066
28,HALE (Healthy life expectancy),39,Tajikistan,3,Both,2,0-6 days,5,Years,2019,64.41561986234663,67.0220162005448,61.53749833260032
28,HALE (Healthy life expectancy),40,Turkmenistan,3,Both,2,0-6 days,5,Years,2019,61.9112611090008,64.48595304169066,58.75845688529928
28,HALE (Healthy life expectancy),41,Uzbekistan,3,Both,2,0-6 days,5,Years,2019,64.38038681716671,66.71489750856267,61.70197645523301
28,HALE (Healthy life expectancy),43,Albania,3,Both,2,0-6 days,5,Years,2019,68.33365471203399,70.96188830621003,65.49955763526475
28,HALE (Healthy life expectancy),44,Bosnia and Herzegovina,3,Both,2,0-6 days,5,Years,2019,67.08724627172049,69.65954160144848,64.14335801389012
28,HALE (Healthy life expectancy),45,Bulgaria,3,Both,2,0-6 days,5,Years,2019,64.58059530058443,66.86546376251587,61.9239748482971
28,HALE (Healthy life expectancy),46,Croatia,3,Both,2,0-6 days,5,Years,2019,68.52762765142255,71.14604579770648,65.52780517733154
28,HALE (Healthy life expectancy),47,Czechia,3,Both,2,0-6 days,5,Years,2019,68.71254718473254,71.41609251621786,65.55708265621182
28,HALE (Healthy life expectancy),48,Hungary,3,Both,2,0-6 days,5,Years,2019,66.80088877739172,69.2530690655971,63.96410799483739
28,HALE (Healthy life expectancy),49,North Macedonia,3,Both,2,0-6 days,5,Years,2019,65.9261013860161,68.21007230666916,63.150709831683145
28,HALE (Healthy life expectancy),50,Montenegro,3,Both,2,0-6 days,5,Years,2019,66.10103458048016,68.38984454020874,63.31737034385355
28,HALE (Healthy life expectancy),51,Poland,3,Both,2,0-6 days,5,Years,2019,67.7331013900124,70.37620739675998,64.69531112132803
28,HALE (Healthy life expectancy),52,Romania,3,Both,2,0-6 days,5,Years,2019,66.21060523229289,68.54953329135371,63.41070282368288
28,HALE (Healthy life expectancy),53,Serbia,3,Both,2,0-6 days,5,Years,2019,66.65842095982791,69.03317357939261,63.82603314150694
28,HALE (Healthy life expectancy),54,Slovakia,3,Both,2,0-6 days,5,Years,2019,67.50573185194462,69.98917895545438,64.54508762926258
28,HALE (Healthy life expectancy),55,Slovenia,3,Both,2,0-6 days,5,Years,2019,70.437165302397,73.18381277165513,67.11852256361244
28,HALE (Healthy life expectancy),57,Belarus,3,Both,2,0-6 days,5,Years,2019,65.06191060132764,67.42310095145649,62.2174478206382
28,HALE (Healthy life expectancy),58,Estonia,3,Both,2,0-6 days,5,Years,2019,68.3918692723896,70.93089566242114,65.25876634678102
28,HALE (Healthy life expectancy),59,Latvia,3,Both,2,0-6 days,5,Years,2019,66.22084802490238,68.7574899591161,63.30004964543795
28,HALE (Healthy life expectancy),60,Lithuania,3,Both,2,0-6 days,5,Years,2019,66.30705750428797,68.86687237024108,63.31732210079265
28,HALE (Healthy life expectancy),61,Republic of Moldova,3,Both,2,0-6 days,5,Years,2019,65.33818652606504,67.7153906290543,62.58595454423434
28,HALE (Healthy life expectancy),62,Russian Federation,3,Both,2,0-6 days,5,Years,2019,63.80228265114732,66.21748298056625,60.988041956204405
28,HALE (Healthy life expectancy),63,Ukraine,3,Both,2,0-6 days,5,Years,2019,63.16823863243058,65.90004252806071,60.130678626494976
28,HALE (Healthy life expectancy),66,Brunei Darussalam,3,Both,2,0-6 days,5,Years,2019,66.87672073901626,69.22572858817773,63.91614821514162
28,HALE (Healthy life expectancy),67,Japan,3,Both,2,0-6 days,5,Years,2019,73.88514896235841,76.65259798406767,70.64693851669034
28,HALE (Healthy life expectancy),68,Republic of Korea,3,Both,2,0-6 days,5,Years,2019,72.30357461315084,75.0949889586621,69.0809878120748
28,HALE (Healthy life expectancy),69,Singapore,3,Both,2,0-6 days,5,Years,2019,75.0279028839577,77.70322501460691,71.86443738696909
28,HALE (Healthy life expectancy),71,Australia,3,Both,2,0-6 days,5,Years,2019,70.58278835746457,73.66573810266345,66.91741641057897
28,HALE (Healthy life expectancy),72,New Zealand,3,Both,2,0-6 days,5,Years,2019,69.81177297647315,72.85361516672809,66.29472498901774
28,HALE (Healthy life expectancy),74,Andorra,3,Both,2,0-6 days,5,Years,2019,71.2270255758865,74.52357119408076,67.6517156556235
28,HALE (Healthy life expectancy),75,Austria,3,Both,2,0-6 days,5,Years,2019,70.70623598994362,73.54938984501163,67.53402565009436
28,HALE (Healthy life expectancy),76,Belgium,3,Both,2,0-6 days,5,Years,2019,70.16450435175044,73.03772625238082,66.81772406100876
28,HALE (Healthy life expectancy),77,Cyprus,3,Both,2,0-6 days,5,Years,2019,70.14255044407362,72.99602808894241,67.01548953739855
28,HALE (Healthy life expectancy),78,Denmark,3,Both,2,0-6 days,5,Years,2019,70.43847307544051,73.17446702084052,67.26791376933022
28,HALE (Healthy life expectancy),79,Finland,3,Both,2,0-6 days,5,Years,2019,70.53546594634487,73.43085094873682,67.11374178281127
28,HALE (Healthy life expectancy),80,France,3,Both,2,0-6 days,5,Years,2019,71.07462201369675,74.08210785532357,67.3941586387579
28,HALE (Healthy life expectancy),81,Germany,3,Both,2,0-6 days,5,Years,2019,69.69813634436328,72.62779473905022,66.235750169317
28,HALE (Healthy life expectancy),82,Greece,3,Both,2,0-6 days,5,Years,2019,69.97739322503327,72.70417629872256,66.72997560407698
28,HALE (Healthy life expectancy),83,Iceland,3,Both,2,0-6 days,5,Years,2019,71.93011892910626,74.6590271638405,68.64372972155765
28,HALE (Healthy life expectancy),84,Ireland,3,Both,2,0-6 days,5,Years,2019,70.71555179895591,73.63394537215933,67.43693585495751
28,HALE (Healthy life expectancy),85,Israel,3,Both,2,0-6 days,5,Years,2019,72.08739852620847,74.89986069912052,68.7444249234774
28,HALE (Healthy life expectancy),86,Italy,3,Both,2,0-6 days,5,Years,2019,71.68252686075533,74.58827219450794,68.24022739867067
28,HALE (Healthy life expectancy),87,Luxembourg,3,Both,2,0-6 days,5,Years,2019,71.34189371340085,74.17113828196489,67.98019652649407
28,HALE (Healthy life expectancy),88,Malta,3,Both,2,0-6 days,5,Years,2019,71.70966043231365,74.42717862574503,68.34198013649561
28,HALE (Healthy life expectancy),89,Netherlands,3,Both,2,0-6 days,5,Years,2019,70.83046793019622,73.57688623830165,67.65579663520225
28,HALE (Healthy life expectancy),90,Norway,3,Both,2,0-6 days,5,Years,2019,71.43621175155427,74.40943384911675,68.07327248336973
28,HALE (Healthy life expectancy),91,Portugal,3,Both,2,0-6 days,5,Years,2019,70.5097921275966,73.34644074970898,67.14558168605747
28,HALE (Healthy life expectancy),92,Spain,3,Both,2,0-6 days,5,Years,2019,71.73901384366812,74.5892761206409,68.37527195748817
28,HALE (Healthy life expectancy),93,Sweden,3,Both,2,0-6 days,5,Years,2019,71.73393973279066,74.558995382436,68.36129516067795
28,HALE (Healthy life expectancy),94,Switzerland,3,Both,2,0-6 days,5,Years,2019,72.2767990263631,75.34320378518959,68.72171898152328
28,HALE (Healthy life expectancy),95,United Kingdom,3,Both,2,0-6 days,5,Years,2019,69.86038921756568,72.71754514569207,66.52999428064179
28,HALE (Healthy life expectancy),97,Argentina,3,Both,2,0-6 days,5,Years,2019,66.79716052475456,69.40066992063039,63.794241170807965
28,HALE (Healthy life expectancy),98,Chile,3,Both,2,0-6 days,5,Years,2019,69.03060680158599,71.91040185743222,65.71347054632031
28,HALE (Healthy life expectancy),99,Uruguay,3,Both,2,0-6 days,5,Years,2019,66.90625935443313,69.42073234040774,63.95625236342928
28,HALE (Healthy life expectancy),101,Canada,3,Both,2,0-6 days,5,Years,2019,70.47099118283356,73.3441615814252,67.0379413763803
28,HALE (Healthy life expectancy),102,United States of America,3,Both,2,0-6 days,5,Years,2019,66.23889962229534,69.30519320674236,62.71522548421993
28,HALE (Healthy life expectancy),105,Antigua and Barbuda,3,Both,2,0-6 days,5,Years,2019,65.84516803188909,68.37122415880765,62.50655473649439
28,HALE (Healthy life expectancy),106,Bahamas,3,Both,2,0-6 days,5,Years,2019,62.160858864733726,65.05204619924336,59.13795599508855
28,HALE (Healthy life expectancy),107,Barbados,3,Both,2,0-6 days,5,Years,2019,66.32652130812012,69.12159572066035,62.87865772974067
28,HALE (Healthy life expectancy),108,Belize,3,Both,2,0-6 days,5,Years,2019,64.97424088743097,67.52686257189447,61.84706953890714
28,HALE (Healthy life expectancy),109,Cuba,3,Both,2,0-6 days,5,Years,2019,68.07657532968604,70.61780734035865,65.08162089562236
28,HALE (Healthy life expectancy),110,Dominica,3,Both,2,0-6 days,5,Years,2019,63.267333663794055,65.80451807285955,60.13268170625979
28,HALE (Healthy life expectancy),111,Dominican Republic,3,Both,2,0-6 days,5,Years,2019,64.8250752094425,67.61637139891161,61.55515520430363
28,HALE (Healthy life expectancy),112,Grenada,3,Both,2,0-6 days,5,Years,2019,63.74898097764526,66.20277766482967,60.65219325723193
28,HALE (Healthy life expectancy),113,Guyana,3,Both,2,0-6 days,5,Years,2019,58.49238043869095,61.86738264942734,54.98263107532132
28,HALE (Healthy life expectancy),114,Haiti,3,Both,2,0-6 days,5,Years,2019,54.49918020665596,57.86691663485459,50.899220933496
28,HALE (Healthy life expectancy),115,Jamaica,3,Both,2,0-6 days,5,Years,2019,66.64917311645296,69.72700727241471,63.120509267407535
28,HALE (Healthy life expectancy),116,Saint Lucia,3,Both,2,0-6 days,5,Years,2019,65.69516947915366,68.61393576144381,62.35430811016109
28,HALE (Healthy life expectancy),117,Saint Vincent and the Grenadines,3,Both,2,0-6 days,5,Years,2019,63.67735457876787,66.10945938600008,60.583886905656186
28,HALE (Healthy life expectancy),118,Suriname,3,Both,2,0-6 days,5,Years,2019,62.60945633429236,65.19702238384576,59.31734314658949
28,HALE (Healthy life expectancy),119,Trinidad and Tobago,3,Both,2,0-6 days,5,Years,2019,64.2067158815016,67.01707069691847,61.075119257736034
28,HALE (Healthy life expectancy),121,Bolivia (Plurinational State of),3,Both,2,0-6 days,5,Years,2019,63.40394971919919,66.25648295670122,59.82486575063163
28,HALE (Healthy life expectancy),122,Ecuador,3,Both,2,0-6 days,5,Years,2019,67.08312103921874,69.83062032574308,64.08065928877872
28,HALE (Healthy life expectancy),123,Peru,3,Both,2,0-6 days,5,Years,2019,68.2682998950718,71.34271915181927,64.98634655340506
28,HALE (Healthy life expectancy),125,Colombia,3,Both,2,0-6 days,5,Years,2019,69.27569651748753,71.91646342630246,66.03773574635959
28,HALE (Healthy life expectancy),126,Costa Rica,3,Both,2,0-6 days,5,Years,2019,68.89869026308085,71.61955530437479,65.59887022844819
28,HALE (Healthy life expectancy),127,El Salvador,3,Both,2,0-6 days,5,Years,2019,65.22727981930714,67.75299309931249,62.26168976411273
28,HALE (Healthy life expectancy),128,Guatemala,3,Both,2,0-6 days,5,Years,2019,62.06648580193608,64.56772446740327,59.08593534686085
28,HALE (Healthy life expectancy),129,Honduras,3,Both,2,0-6 days,5,Years,2019,62.44030281962905,65.08832339643095,59.37886902548146
28,HALE (Healthy life expectancy),130,Mexico,3,Both,2,0-6 days,5,Years,2019,65.26247075067255,67.84322828907284,62.28166685442415
28,HALE (Healthy life expectancy),131,Nicaragua,3,Both,2,0-6 days,5,Years,2019,67.54598849305329,70.31586693509544,64.34541058545595
28,HALE (Healthy life expectancy),522,Sudan,3,Both,2,0-6 days,5,Years,2002,54.96633184800019,58.120029799334965,51.68656859547812
28,HALE (Healthy life expectancy),132,Panama,3,Both,2,0-6 days,5,Years,2019,68.8509870889826,71.52126308957322,65.53357026246866
28,HALE (Healthy life expectancy),133,Venezuela (Bolivarian Republic of),3,Both,2,0-6 days,5,Years,2019,64.23009399668396,67.46146837475962,60.42778228825922
28,HALE (Healthy life expectancy),135,Brazil,3,Both,2,0-6 days,5,Years,2019,65.18061703084669,67.97056385399146,61.791374176714285
28,HALE (Healthy life expectancy),136,Paraguay,3,Both,2,0-6 days,5,Years,2019,65.13652350346166,68.25330138965356,62.09328911433609
28,HALE (Healthy life expectancy),139,Algeria,3,Both,2,0-6 days,5,Years,2019,66.52956875031282,69.14952971395176,63.27185813496206
28,HALE (Healthy life expectancy),140,Bahrain,3,Both,2,0-6 days,5,Years,2019,65.78450878507464,68.42504220892661,62.668709678242486
28,HALE (Healthy life expectancy),141,Egypt,3,Both,2,0-6 days,5,Years,2019,61.84669985857456,64.04683164543925,59.212303737792354
28,HALE (Healthy life expectancy),142,Iran (Islamic Republic of),3,Both,2,0-6 days,5,Years,2019,66.76647613239638,69.58648095101788,63.36018667425109
28,HALE (Healthy life expectancy),143,Iraq,3,Both,2,0-6 days,5,Years,2019,62.51102822283976,65.63344482118576,59.0062521137268
28,HALE (Healthy life expectancy),144,Jordan,3,Both,2,0-6 days,5,Years,2019,68.70891932389817,71.89413113348425,65.29826329029775
28,HALE (Healthy life expectancy),145,Kuwait,3,Both,2,0-6 days,5,Years,2019,70.45400512011584,73.53996899105312,66.81515544298284
28,HALE (Healthy life expectancy),146,Lebanon,3,Both,2,0-6 days,5,Years,2019,67.95613814718546,71.05449609535455,64.45572467680337
28,HALE (Healthy life expectancy),147,Libya,3,Both,2,0-6 days,5,Years,2019,62.386183013646125,65.72740410126819,58.85941457316897
28,HALE (Healthy life expectancy),148,Morocco,3,Both,2,0-6 days,5,Years,2019,63.69379633570851,66.91609338700998,60.60269545048728
28,HALE (Healthy life expectancy),149,Palestine,3,Both,2,0-6 days,5,Years,2019,65.42277235726918,68.06331220843127,62.334888936901365
28,HALE (Healthy life expectancy),150,Oman,3,Both,2,0-6 days,5,Years,2019,65.55905563013326,68.3048590740152,62.296166936752826
28,HALE (Healthy life expectancy),151,Qatar,3,Both,2,0-6 days,5,Years,2019,67.90737034649693,70.93558103863333,64.5759838046245
28,HALE (Healthy life expectancy),152,Saudi Arabia,3,Both,2,0-6 days,5,Years,2019,63.63877916444296,66.49251919124447,60.50094283798395
28,HALE (Healthy life expectancy),153,Syrian Arab Republic,3,Both,2,0-6 days,5,Years,2019,60.9616916956903,63.95352123705865,57.44598147217803
28,HALE (Healthy life expectancy),154,Tunisia,3,Both,2,0-6 days,5,Years,2019,66.89653040973478,70.09319114571036,62.906982334267646
28,HALE (Healthy life expectancy),155,Turkey,3,Both,2,0-6 days,5,Years,2019,67.03743762851532,69.73232907474215,63.98207119981477
28,HALE (Healthy life expectancy),156,United Arab Emirates,3,Both,2,0-6 days,5,Years,2019,64.04064496987013,66.46269309482602,61.208569730052005
28,HALE (Healthy life expectancy),157,Yemen,3,Both,2,0-6 days,5,Years,2019,57.53306204626047,60.9032335226329,53.82431910345956
28,HALE (Healthy life expectancy),160,Afghanistan,3,Both,2,0-6 days,5,Years,2019,52.63160096730444,55.38354871906273,49.3019931906234
28,HALE (Healthy life expectancy),161,Bangladesh,3,Both,2,0-6 days,5,Years,2019,63.809300863842346,66.76774170249456,60.51932566208277
28,HALE (Healthy life expectancy),162,Bhutan,3,Both,2,0-6 days,5,Years,2019,63.943241096858365,66.91350115623763,60.53054781186553
28,HALE (Healthy life expectancy),163,India,3,Both,2,0-6 days,5,Years,2019,60.664896552757206,63.15482005559554,57.65714458095599
28,HALE (Healthy life expectancy),164,Nepal,3,Both,2,0-6 days,5,Years,2019,61.50368412915397,64.53143794262353,58.170954323525
28,HALE (Healthy life expectancy),165,Pakistan,3,Both,2,0-6 days,5,Years,2019,58.09090769281695,60.7358755092183,55.30865551590514
28,HALE (Healthy life expectancy),168,Angola,3,Both,2,0-6 days,5,Years,2019,55.663897466824736,59.0559751289113,52.06091419336933
28,HALE (Healthy life expectancy),169,Central African Republic,3,Both,2,0-6 days,5,Years,2019,45.5439153413667,49.02315699438667,41.83695020219446
28,HALE (Healthy life expectancy),170,Congo,3,Both,2,0-6 days,5,Years,2019,55.25881485900422,58.1913051110699,52.04496932191235
28,HALE (Healthy life expectancy),171,Democratic Republic of the Congo,3,Both,2,0-6 days,5,Years,2019,54.96089082391257,58.39748234841456,51.65194963117519
28,HALE (Healthy life expectancy),172,Equatorial Guinea,3,Both,2,0-6 days,5,Years,2019,55.61405917241916,60.102245179672806,51.2102471542544
28,HALE (Healthy life expectancy),173,Gabon,3,Both,2,0-6 days,5,Years,2019,56.98215359551383,60.342646684331626,53.024656974536285
28,HALE (Healthy life expectancy),175,Burundi,3,Both,2,0-6 days,5,Years,2019,56.14294424144709,59.03305377560813,53.2637042139237
28,HALE (Healthy life expectancy),176,Comoros,3,Both,2,0-6 days,5,Years,2019,59.737171660961074,62.66429827407249,56.53938356067944
28,HALE (Healthy life expectancy),177,Djibouti,3,Both,2,0-6 days,5,Years,2019,58.71771211070177,62.19395311284917,55.00570440192527
28,HALE (Healthy life expectancy),178,Eritrea,3,Both,2,0-6 days,5,Years,2019,55.20227821285082,58.480301879648266,51.64408363640506
28,HALE (Healthy life expectancy),179,Ethiopia,3,Both,2,0-6 days,5,Years,2019,59.59796314284143,61.943181521263966,56.79869447606648
28,HALE (Healthy life expectancy),180,Kenya,3,Both,2,0-6 days,5,Years,2019,58.467829366177845,60.830888613619166,55.74761375936228
28,HALE (Healthy life expectancy),181,Madagascar,3,Both,2,0-6 days,5,Years,2019,56.60391308135849,59.53776651249183,53.41475044317765
28,HALE (Healthy life expectancy),182,Malawi,3,Both,2,0-6 days,5,Years,2019,54.88947943387526,57.56741047365895,51.89923149611844
28,HALE (Healthy life expectancy),183,Mauritius,3,Both,2,0-6 days,5,Years,2019,64.47136502239319,66.92924662257546,61.478812677998896
28,HALE (Healthy life expectancy),184,Mozambique,3,Both,2,0-6 days,5,Years,2019,50.80238060111421,53.76125659780365,47.83753168509028
28,HALE (Healthy life expectancy),185,Rwanda,3,Both,2,0-6 days,5,Years,2019,59.36675279198449,62.58932908161415,56.00683164558919
28,HALE (Healthy life expectancy),186,Seychelles,3,Both,2,0-6 days,5,Years,2019,64.35098489023301,66.68140245344108,61.71635999716212
28,HALE (Healthy life expectancy),187,Somalia,3,Both,2,0-6 days,5,Years,2019,49.97779432437443,53.51473370942559,46.42973327318862
28,HALE (Healthy life expectancy),189,United Republic of Tanzania,3,Both,2,0-6 days,5,Years,2019,57.88718831489254,60.85071727536905,54.753815257943145
28,HALE (Healthy life expectancy),190,Uganda,3,Both,2,0-6 days,5,Years,2019,56.93160957406347,59.97624183088551,53.63470594274524
28,HALE (Healthy life expectancy),191,Zambia,3,Both,2,0-6 days,5,Years,2019,54.452723409408975,57.7913090905886,50.78659305224129
28,HALE (Healthy life expectancy),193,Botswana,3,Both,2,0-6 days,5,Years,2019,56.15696049753996,58.80906668375145,52.861302441481584
28,HALE (Healthy life expectancy),194,Lesotho,3,Both,2,0-6 days,5,Years,2019,44.89541727945254,47.84987568335599,41.892334729424114
28,HALE (Healthy life expectancy),195,Namibia,3,Both,2,0-6 days,5,Years,2019,56.1877519369804,59.4595643750552,52.66168381066093
28,HALE (Healthy life expectancy),196,South Africa,3,Both,2,0-6 days,5,Years,2019,55.92205017117644,58.26440780074,53.23255271869834
28,HALE (Healthy life expectancy),197,Eswatini,3,Both,2,0-6 days,5,Years,2019,49.33399594220597,52.83945158363564,45.87480131566669
28,HALE (Healthy life expectancy),198,Zimbabwe,3,Both,2,0-6 days,5,Years,2019,51.84687508444344,54.7567051531546,48.69048163249813
28,HALE (Healthy life expectancy),200,Benin,3,Both,2,0-6 days,5,Years,2019,56.54560096976873,59.39872667352248,53.38307963082413
28,HALE (Healthy life expectancy),201,Burkina Faso,3,Both,2,0-6 days,5,Years,2019,54.13961448489657,56.96878752101759,51.09282321257727
28,HALE (Healthy life expectancy),202,Cameroon,3,Both,2,0-6 days,5,Years,2019,55.19605369613509,58.428119223402106,51.590241542447245
28,HALE (Healthy life expectancy),203,Cabo Verde,3,Both,2,0-6 days,5,Years,2019,64.38644122727038,67.1312844743558,61.11604647228313
28,HALE (Healthy life expectancy),204,Chad,3,Both,2,0-6 days,5,Years,2019,51.90921992895951,55.35382223505609,48.22995278296493
28,HALE (Healthy life expectancy),205,CÃ´te d'Ivoire,3,Both,2,0-6 days,5,Years,2019,55.80892772998602,58.92862144912627,52.548216953962736
28,HALE (Healthy life expectancy),206,Gambia,3,Both,2,0-6 days,5,Years,2019,56.84220835249823,60.09391780634472,53.79270956737592
28,HALE (Healthy life expectancy),207,Ghana,3,Both,2,0-6 days,5,Years,2019,57.944571914966176,60.91671771086395,54.9329105603032
28,HALE (Healthy life expectancy),208,Guinea,3,Both,2,0-6 days,5,Years,2019,54.26165329731134,57.503999848509245,50.54044513529912
28,HALE (Healthy life expectancy),209,Guinea-Bissau,3,Both,2,0-6 days,5,Years,2019,52.66287316164757,55.59299086656728,49.43844128793472
28,HALE (Healthy life expectancy),210,Liberia,3,Both,2,0-6 days,5,Years,2019,54.76342765682998,58.38820886277453,50.85752409316565
28,HALE (Healthy life expectancy),211,Mali,3,Both,2,0-6 days,5,Years,2019,53.92996763746978,56.76463051142835,50.92739061835469
28,HALE (Healthy life expectancy),212,Mauritania,3,Both,2,0-6 days,5,Years,2019,62.13426533381384,65.24151381728808,58.963923540281485
28,HALE (Healthy life expectancy),213,Niger,3,Both,2,0-6 days,5,Years,2019,55.580647487624745,59.13823064473407,51.884749471525765
28,HALE (Healthy life expectancy),214,Nigeria,3,Both,2,0-6 days,5,Years,2019,55.78557505270746,58.96063387827407,52.773213136202486
28,HALE (Healthy life expectancy),215,Sao Tome and Principe,3,Both,2,0-6 days,5,Years,2019,62.77156596658893,65.41221527179208,59.67286250479168
28,HALE (Healthy life expectancy),216,Senegal,3,Both,2,0-6 days,5,Years,2019,59.63078899486298,62.78191623076184,56.32543181785308
28,HALE (Healthy life expectancy),217,Sierra Leone,3,Both,2,0-6 days,5,Years,2019,53.6946080347913,57.524433602192175,49.92094769772712
28,HALE (Healthy life expectancy),218,Togo,3,Both,2,0-6 days,5,Years,2019,56.19615077476032,59.5757861043376,52.624899302533365
28,HALE (Healthy life expectancy),298,American Samoa,3,Both,2,0-6 days,5,Years,2019,61.77492154507888,64.27749577934698,58.49037914565193
28,HALE (Healthy life expectancy),305,Bermuda,3,Both,2,0-6 days,5,Years,2019,71.07924015776165,73.78254718015667,67.5359475435706
28,HALE (Healthy life expectancy),320,Cook Islands,3,Both,2,0-6 days,5,Years,2019,66.1218484130028,68.71370456872145,62.76102093540695
28,HALE (Healthy life expectancy),349,Greenland,3,Both,2,0-6 days,5,Years,2019,63.84365964227983,66.55818040835996,60.84926911317896
28,HALE (Healthy life expectancy),351,Guam,3,Both,2,0-6 days,5,Years,2019,68.10284583848511,70.61113287108076,64.92702022453824
28,HALE (Healthy life expectancy),367,Monaco,3,Both,2,0-6 days,5,Years,2019,69.78816027243317,72.54609145255628,66.23713833783202
28,HALE (Healthy life expectancy),369,Nauru,3,Both,2,0-6 days,5,Years,2019,54.8680967194219,57.86854873064597,51.59426973590818
28,HALE (Healthy life expectancy),374,Niue,3,Both,2,0-6 days,5,Years,2019,61.70685716789861,64.57516810443349,58.23095390836725
28,HALE (Healthy life expectancy),376,Northern Mariana Islands,3,Both,2,0-6 days,5,Years,2019,64.7582535544868,67.5476278678236,61.69155369190138
28,HALE (Healthy life expectancy),380,Palau,3,Both,2,0-6 days,5,Years,2019,60.15976090393973,62.87184623484926,57.09449958771766
28,HALE (Healthy life expectancy),385,Puerto Rico,3,Both,2,0-6 days,5,Years,2019,69.89824958311907,72.71195049987831,66.51432236535511
28,HALE (Healthy life expectancy),393,Saint Kitts and Nevis,3,Both,2,0-6 days,5,Years,2019,63.80067298970422,66.38486880425575,60.54490778470889
28,HALE (Healthy life expectancy),396,San Marino,3,Both,2,0-6 days,5,Years,2019,71.97164256151038,75.14888114289084,68.38402371927648
28,HALE (Healthy life expectancy),413,Tokelau,3,Both,2,0-6 days,5,Years,2019,63.67759051839477,66.6098191578223,60.225657166253285
28,HALE (Healthy life expectancy),416,Tuvalu,3,Both,2,0-6 days,5,Years,2019,59.93522491028046,62.65940080127143,57.206558815236136
28,HALE (Healthy life expectancy),422,United States Virgin Islands,3,Both,2,0-6 days,5,Years,2019,65.78484903197666,68.75832911206885,62.09246732179373
28,HALE (Healthy life expectancy),435,South Sudan,3,Both,2,0-6 days,5,Years,2019,48.942452466567794,52.9271278084434,44.62981408314685
28,HALE (Healthy life expectancy),132,Panama,3,Both,2,0-6 days,5,Years,2002,67.5842451311552,70.25322247073461,64.49398409554354
28,HALE (Healthy life expectancy),133,Venezuela (Bolivarian Republic of),3,Both,2,0-6 days,5,Years,2002,64.22014909641398,66.68917465746986,61.28427799760643
28,HALE (Healthy life expectancy),135,Brazil,3,Both,2,0-6 days,5,Years,2002,61.65308005257239,64.54774105871032,58.39435958761239
28,HALE (Healthy life expectancy),136,Paraguay,3,Both,2,0-6 days,5,Years,2002,65.29692378174153,68.182686017467,62.16616392735788
28,HALE (Healthy life expectancy),139,Algeria,3,Both,2,0-6 days,5,Years,2002,63.502241682860486,66.23129477779608,60.78166988101492
28,HALE (Healthy life expectancy),140,Bahrain,3,Both,2,0-6 days,5,Years,2002,61.873413800367416,64.18723285109289,59.25587051908413
28,HALE (Healthy life expectancy),141,Egypt,3,Both,2,0-6 days,5,Years,2002,59.19369438615855,61.3114741588992,56.79267732519264
28,HALE (Healthy life expectancy),142,Iran (Islamic Republic of),3,Both,2,0-6 days,5,Years,2002,63.18549302478387,65.71371212428478,60.20638236833808
28,HALE (Healthy life expectancy),143,Iraq,3,Both,2,0-6 days,5,Years,2002,59.9422113984303,63.09833243430257,56.21863032435166
28,HALE (Healthy life expectancy),144,Jordan,3,Both,2,0-6 days,5,Years,2002,63.63760206463866,66.38730244138102,60.911705891959976
28,HALE (Healthy life expectancy),145,Kuwait,3,Both,2,0-6 days,5,Years,2002,67.68574442037813,70.29167434026348,64.63014305121997
28,HALE (Healthy life expectancy),146,Lebanon,3,Both,2,0-6 days,5,Years,2002,65.49049723809394,68.28421174899256,62.12818609553926
28,HALE (Healthy life expectancy),147,Libya,3,Both,2,0-6 days,5,Years,2002,63.93417760410576,66.57337172951705,60.90436778773437
28,HALE (Healthy life expectancy),148,Morocco,3,Both,2,0-6 days,5,Years,2002,61.05293859053704,63.92569424965292,57.96579807384868
28,HALE (Healthy life expectancy),149,Palestine,3,Both,2,0-6 days,5,Years,2002,59.29482543282603,61.516666895603706,56.43521858815164
28,HALE (Healthy life expectancy),150,Oman,3,Both,2,0-6 days,5,Years,2002,63.29197831249988,66.16171470528081,60.0695698067922
28,HALE (Healthy life expectancy),151,Qatar,3,Both,2,0-6 days,5,Years,2002,61.82525776436494,64.18779783950751,58.88110327889526
28,HALE (Healthy life expectancy),152,Saudi Arabia,3,Both,2,0-6 days,5,Years,2002,61.28153094062196,63.664866415553504,58.6454641133422
28,HALE (Healthy life expectancy),153,Syrian Arab Republic,3,Both,2,0-6 days,5,Years,2002,63.21374356130104,65.88940456534493,60.38397892843755
28,HALE (Healthy life expectancy),154,Tunisia,3,Both,2,0-6 days,5,Years,2002,64.57221274593107,67.60334503511686,61.43246441520536
28,HALE (Healthy life expectancy),155,Turkey,3,Both,2,0-6 days,5,Years,2002,64.5712748637904,67.34526717324516,61.68223969025743
28,HALE (Healthy life expectancy),156,United Arab Emirates,3,Both,2,0-6 days,5,Years,2002,62.46070732253823,65.07603778349504,59.71064112882447
28,HALE (Healthy life expectancy),157,Yemen,3,Both,2,0-6 days,5,Years,2002,55.11438344447982,58.67400905064605,51.57145660971579
28,HALE (Healthy life expectancy),160,Afghanistan,3,Both,2,0-6 days,5,Years,2002,46.61403190457084,49.37048578163767,43.34164551986105
28,HALE (Healthy life expectancy),161,Bangladesh,3,Both,2,0-6 days,5,Years,2002,57.18217487098357,59.57309772810513,54.46824092378589
28,HALE (Healthy life expectancy),162,Bhutan,3,Both,2,0-6 days,5,Years,2002,58.54038661034676,61.41041121692215,55.49472996413827
28,HALE (Healthy life expectancy),163,India,3,Both,2,0-6 days,5,Years,2002,55.77527528879424,58.32552252629462,52.95561138989943
28,HALE (Healthy life expectancy),164,Nepal,3,Both,2,0-6 days,5,Years,2002,56.68751894071144,59.28017658876081,53.65091957924055
28,HALE (Healthy life expectancy),165,Pakistan,3,Both,2,0-6 days,5,Years,2002,54.51648726975444,56.746875666145066,51.87240544482096
28,HALE (Healthy life expectancy),168,Angola,3,Both,2,0-6 days,5,Years,2002,46.98692267973567,49.36536253753204,44.392249735774925
28,HALE (Healthy life expectancy),169,Central African Republic,3,Both,2,0-6 days,5,Years,2002,38.12774244380783,40.8519230864126,35.182009187304004
28,HALE (Healthy life expectancy),170,Congo,3,Both,2,0-6 days,5,Years,2002,47.39832243821317,49.54784227310584,44.898357014821954
28,HALE (Healthy life expectancy),171,Democratic Republic of the Congo,3,Both,2,0-6 days,5,Years,2002,46.13361735313035,48.650579498515214,43.19091954629431
28,HALE (Healthy life expectancy),172,Equatorial Guinea,3,Both,2,0-6 days,5,Years,2002,50.81244861732014,54.3419239161153,47.22536744650377
28,HALE (Healthy life expectancy),173,Gabon,3,Both,2,0-6 days,5,Years,2002,51.36602093161534,54.178425421120735,48.40848596255701
28,HALE (Healthy life expectancy),175,Burundi,3,Both,2,0-6 days,5,Years,2002,41.51726651690111,43.89145007126767,39.03142169325476
28,HALE (Healthy life expectancy),176,Comoros,3,Both,2,0-6 days,5,Years,2002,54.65625649290807,57.42154965812483,51.66629305253515
28,HALE (Healthy life expectancy),177,Djibouti,3,Both,2,0-6 days,5,Years,2002,53.30638979132892,56.83322265936857,49.85483409022203
28,HALE (Healthy life expectancy),178,Eritrea,3,Both,2,0-6 days,5,Years,2002,49.03197956892244,52.29864404479801,45.947286384731854
28,HALE (Healthy life expectancy),179,Ethiopia,3,Both,2,0-6 days,5,Years,2002,47.72900145892124,49.70317701800159,45.43802245630007
28,HALE (Healthy life expectancy),180,Kenya,3,Both,2,0-6 days,5,Years,2002,48.011460260180336,50.42409762692328,45.39365243600494
28,HALE (Healthy life expectancy),181,Madagascar,3,Both,2,0-6 days,5,Years,2002,51.86155779030098,54.2459879695716,48.93763337066059
28,HALE (Healthy life expectancy),182,Malawi,3,Both,2,0-6 days,5,Years,2002,40.61897046614734,42.97057538158856,38.00322604529372
28,HALE (Healthy life expectancy),183,Mauritius,3,Both,2,0-6 days,5,Years,2002,63.125042044902536,65.52710144702512,60.33832288241341
28,HALE (Healthy life expectancy),184,Mozambique,3,Both,2,0-6 days,5,Years,2002,44.81595728931424,46.9885915681925,42.07083490837255
28,HALE (Healthy life expectancy),185,Rwanda,3,Both,2,0-6 days,5,Years,2002,45.88155326133783,48.26023295759416,43.69109986673129
28,HALE (Healthy life expectancy),186,Seychelles,3,Both,2,0-6 days,5,Years,2002,63.69033545782846,65.77233178744376,61.00110922146072
28,HALE (Healthy life expectancy),187,Somalia,3,Both,2,0-6 days,5,Years,2002,45.23128310311412,48.05853507124589,42.42002793833092
28,HALE (Healthy life expectancy),189,United Republic of Tanzania,3,Both,2,0-6 days,5,Years,2002,47.27723767593899,49.73728275246697,44.33095863728399
28,HALE (Healthy life expectancy),190,Uganda,3,Both,2,0-6 days,5,Years,2002,44.16152718153106,46.360661650878576,41.674947910667925
28,HALE (Healthy life expectancy),191,Zambia,3,Both,2,0-6 days,5,Years,2002,40.14360151070518,42.55016974215954,37.648045354410144
28,HALE (Healthy life expectancy),193,Botswana,3,Both,2,0-6 days,5,Years,2002,41.39065614855051,44.67395868380811,38.080953194001694
28,HALE (Healthy life expectancy),194,Lesotho,3,Both,2,0-6 days,5,Years,2002,42.91256461450256,45.76604052305876,39.73823697863142
28,HALE (Healthy life expectancy),195,Namibia,3,Both,2,0-6 days,5,Years,2002,46.201323493889,48.86456209786799,43.43256235647306
28,HALE (Healthy life expectancy),196,South Africa,3,Both,2,0-6 days,5,Years,2002,46.78131633840023,48.663581825199486,44.6287665141216
28,HALE (Healthy life expectancy),197,Eswatini,3,Both,2,0-6 days,5,Years,2002,39.56101658402233,43.04571756185565,36.134621372549205
28,HALE (Healthy life expectancy),198,Zimbabwe,3,Both,2,0-6 days,5,Years,2002,40.69330653346723,43.75463386495893,37.895858843158905
28,HALE (Healthy life expectancy),200,Benin,3,Both,2,0-6 days,5,Years,2002,50.75522081931321,53.00715135598031,47.82699810418509
28,HALE (Healthy life expectancy),201,Burkina Faso,3,Both,2,0-6 days,5,Years,2002,46.22094724261439,48.584275240216414,43.471891525373
28,HALE (Healthy life expectancy),202,Cameroon,3,Both,2,0-6 days,5,Years,2002,47.28210486723776,49.76381503728124,44.66238045845724
28,HALE (Healthy life expectancy),203,Cabo Verde,3,Both,2,0-6 days,5,Years,2002,61.76742246272011,64.7575235926178,58.362620366313294
28,HALE (Healthy life expectancy),204,Chad,3,Both,2,0-6 days,5,Years,2002,45.678278801163565,48.2084122835626,43.04929704580774
28,HALE (Healthy life expectancy),205,CÃ´te d'Ivoire,3,Both,2,0-6 days,5,Years,2002,45.36510199260618,47.94916860623948,42.70301059538491
28,HALE (Healthy life expectancy),206,Gambia,3,Both,2,0-6 days,5,Years,2002,52.9340338423969,55.42455912512194,50.050208551092766
28,HALE (Healthy life expectancy),207,Ghana,3,Both,2,0-6 days,5,Years,2002,51.99785390520218,54.36736014403228,49.15266141534021
28,HALE (Healthy life expectancy),208,Guinea,3,Both,2,0-6 days,5,Years,2002,47.61197071372888,50.256836458029504,44.95229465620088
28,HALE (Healthy life expectancy),209,Guinea-Bissau,3,Both,2,0-6 days,5,Years,2002,45.73441068976061,48.46560481216007,43.01031962574628
28,HALE (Healthy life expectancy),210,Liberia,3,Both,2,0-6 days,5,Years,2002,45.98233016409221,48.45668013856465,43.25051488145371
28,HALE (Healthy life expectancy),211,Mali,3,Both,2,0-6 days,5,Years,2002,46.93180553458125,49.179011069203455,44.43148975680049
28,HALE (Healthy life expectancy),212,Mauritania,3,Both,2,0-6 days,5,Years,2002,57.11539228848079,59.71494321421563,54.365066666518246
28,HALE (Healthy life expectancy),213,Niger,3,Both,2,0-6 days,5,Years,2002,46.55857759134791,48.96593983699303,43.77934485303789
28,HALE (Healthy life expectancy),214,Nigeria,3,Both,2,0-6 days,5,Years,2002,47.49226600317369,50.10703437047815,44.72375490487261
28,HALE (Healthy life expectancy),215,Sao Tome and Principe,3,Both,2,0-6 days,5,Years,2002,57.55420280075009,59.89262336350508,54.91202045576063
28,HALE (Healthy life expectancy),216,Senegal,3,Both,2,0-6 days,5,Years,2002,53.105440438925264,55.20512680724636,50.440641663313286
28,HALE (Healthy life expectancy),217,Sierra Leone,3,Both,2,0-6 days,5,Years,2002,45.17780219346897,47.3424145803892,42.61178479213493
28,HALE (Healthy life expectancy),218,Togo,3,Both,2,0-6 days,5,Years,2002,49.243139537190665,51.71439313217102,46.404395133125504
28,HALE (Healthy life expectancy),298,American Samoa,3,Both,2,0-6 days,5,Years,2002,61.6667435429244,63.95238483115382,58.96212786790626
28,HALE (Healthy life expectancy),305,Bermuda,3,Both,2,0-6 days,5,Years,2002,68.75958337406176,71.33783826968155,65.92640789768257
28,HALE (Healthy life expectancy),320,Cook Islands,3,Both,2,0-6 days,5,Years,2002,64.00924060677191,66.36395958307116,61.10569557941716
28,HALE (Healthy life expectancy),349,Greenland,3,Both,2,0-6 days,5,Years,2002,59.966524290048085,62.395466241186966,57.33552616526579
28,HALE (Healthy life expectancy),351,Guam,3,Both,2,0-6 days,5,Years,2002,68.03270368527453,70.3785489563083,65.09303487381536
28,HALE (Healthy life expectancy),367,Monaco,3,Both,2,0-6 days,5,Years,2002,68.51132703896344,71.6090375622817,65.29635682623261
28,HALE (Healthy life expectancy),369,Nauru,3,Both,2,0-6 days,5,Years,2002,51.32315972060245,53.59122748667448,48.88160788365394
28,HALE (Healthy life expectancy),374,Niue,3,Both,2,0-6 days,5,Years,2002,60.45509736040691,63.26747033145624,57.75978222233057
28,HALE (Healthy life expectancy),376,Northern Mariana Islands,3,Both,2,0-6 days,5,Years,2002,64.57986252250572,67.0638968283228,61.721799545965965
28,HALE (Healthy life expectancy),380,Palau,3,Both,2,0-6 days,5,Years,2002,59.53988826166826,62.06262942039648,56.58700485718292
28,HALE (Healthy life expectancy),385,Puerto Rico,3,Both,2,0-6 days,5,Years,2002,66.95323130372526,69.55004656591967,63.85669945605916
28,HALE (Healthy life expectancy),393,Saint Kitts and Nevis,3,Both,2,0-6 days,5,Years,2002,62.79293335129313,65.2364990548226,60.02254233352161
28,HALE (Healthy life expectancy),396,San Marino,3,Both,2,0-6 days,5,Years,2002,70.68172321136815,73.53216421896222,67.46400737841455
28,HALE (Healthy life expectancy),413,Tokelau,3,Both,2,0-6 days,5,Years,2002,61.414991910881184,64.33890386098592,58.06551195514005
28,HALE (Healthy life expectancy),416,Tuvalu,3,Both,2,0-6 days,5,Years,2002,57.03726279321244,59.72160436066408,54.31419891763815
28,HALE (Healthy life expectancy),422,United States Virgin Islands,3,Both,2,0-6 days,5,Years,2002,64.3276639624389,66.89497358118038,61.40248120936231
28,HALE (Healthy life expectancy),435,South Sudan,3,Both,2,0-6 days,5,Years,2002,47.95899954072235,51.179015088776026,44.462593581386216
28,HALE (Healthy life expectancy),522,Sudan,3,Both,2,0-6 days,5,Years,2019,61.1799524519711,64.33700718452171,57.32253432930323
